id_student,code_presentation,y_true,lr_pred,rf_pred,lr_proba,rf_proba
633949,2014J,0,0,0,0.007499127538323216,0.008307642430163435
638699,2014J,0,0,0,0.15056846381941685,0.19222847155579187
582710,2013J,1,1,1,0.9996919863431742,1.0
500791,2013B,0,0,0,0.0340557148269854,0.07110506096317415
576921,2013J,0,0,0,0.004286446537455843,0.0063726048058484535
559540,2013J,1,1,1,0.8862310194770865,0.8354880052822576
616334,2014B,1,1,1,0.9164189730584676,0.8342692969545746
443438,2013J,1,1,1,0.7267316979875035,0.8167236914768102
630451,2014B,0,0,0,0.021603796577484565,0.01904759644319866
595319,2013J,0,0,0,0.0019674212232136013,0.005971585696318459
623826,2014B,0,0,0,0.004340148487667974,0.013108275189912014
634318,2014B,0,0,0,0.01339145126676176,0.03710154755342206
1689069,2013J,0,0,0,0.0013900747628109108,0.006200328194676884
2537695,2013B,0,0,0,0.11501627706902134,0.2893368419529386
563612,2013J,1,1,1,0.9951411199068724,0.994
485766,2013B,0,0,0,0.012739583562458108,0.010430303531249381
632801,2014B,1,1,1,0.9848355857956748,0.981
602780,2013J,0,0,0,0.07080699289111686,0.1028385349511788
632526,2014B,0,0,0,0.04318534662423973,0.031514682730387954
346093,2014J,0,0,0,0.018400980357903947,0.05604923316470049
511050,2013B,0,0,0,0.06439962921467177,0.12630826251968633
502057,2014B,0,0,0,0.02173782585088143,0.08363112750018802
153785,2013B,0,0,0,0.021707494666035457,0.04067738376897733
466289,2014B,0,0,0,0.006884167587987042,0.011829048289985601
474677,2013B,1,1,1,0.9917901871765246,0.9637803671778022
588775,2013J,0,0,0,0.002338051726892083,0.034994981913221486
617888,2014J,0,0,0,0.046376312519871475,0.03189978782026035
73019,2014J,1,1,1,0.7101597555275693,0.6784352969851185
1031884,2014J,0,0,0,0.001364886544333085,0.005632857249470079
549354,2013B,1,1,1,0.9987739351938858,0.9796358919776764
541803,2013B,1,0,0,0.1966274137501393,0.2910862583103367
574683,2013J,1,1,1,0.999993299645812,0.9959374520397776
440818,2014J,0,0,0,0.0193218406183925,0.046304436733942744
101781,2013J,0,0,0,0.03709498923070856,0.07571451510347273
400252,2014B,0,0,0,0.3979934088873408,0.2615541460710455
613370,2014B,0,0,0,0.05409829732615217,0.027167914879687553
599853,2013J,1,0,0,0.15381861838173347,0.34138228902460127
409651,2014B,0,0,0,0.00970661492853733,0.02399176352820503
2672686,2013B,0,0,0,0.005946602600660547,0.01465861770031339
632258,2014B,0,0,0,0.09433578331045338,0.15456268937370693
472651,2014J,0,0,0,0.0024094096632427757,0.009255817878668178
645586,2014J,0,0,0,0.03152300815330079,0.038748673322746875
634776,2014J,0,0,0,0.016575911319724315,0.012094611741186373
601579,2013J,0,0,0,0.02652366524857126,0.03456157274260974
544295,2014B,1,1,1,0.928665172739533,0.9597071428571429
541108,2013J,0,0,0,0.25392274744615595,0.4952192717609157
625684,2014B,1,1,1,0.5748415611896286,0.8440962020132169
647194,2014J,1,1,1,0.9999991653780484,0.9979960571710202
594943,2013J,0,0,0,0.10657112175526434,0.22043010466451377
2329342,2013J,0,0,0,0.22407237782264353,0.33269332222381204
556646,2013J,0,0,0,0.008589363500607395,0.016882992805638836
606027,2014J,0,0,0,0.0287689274429948,0.06318326700206298
550209,2013B,0,0,0,0.0063916515999738275,0.03149566919794833
634216,2014B,0,0,0,0.007728224730798635,0.007259293886733227
629081,2014B,1,1,1,0.7718966830249866,0.9932955292968181
523872,2014J,0,0,0,0.056647774808674764,0.08070955656597761
626998,2014J,0,1,1,0.6854588302987914,0.9306760397039486
654585,2014J,1,1,1,0.9999841664529601,0.9650187418860621
545379,2013B,0,0,0,0.06781100239818176,0.06285542434026857
600127,2013J,1,1,1,0.9921044696068568,0.9870881215469614
557054,2013J,0,0,0,0.012374375624951812,0.04447350903494587
320251,2013B,1,0,0,0.29260498719745515,0.44063687470940127
637582,2014J,1,1,1,0.6992781518401443,0.7634502987215828
550123,2013B,0,0,0,0.06753074843334421,0.08571880355311608
644863,2014J,1,0,0,0.04875326825326334,0.07469854522755873
1656979,2014J,0,0,0,0.014967449817671716,0.09795252075511052
247292,2014B,0,0,0,0.1502819704182372,0.26214092940263817
27780,2014B,0,1,1,0.770510196671134,0.6768407545670541
656203,2014J,1,0,1,0.48325659764102824,0.5224190146892579
1498823,2014B,1,1,1,0.9999996133325583,0.987952725112628
353018,2013B,0,0,0,0.03385674017779329,0.051602252864752556
618078,2014B,1,1,1,0.6348223188498546,0.7064159656528257
1864697,2014B,0,0,0,0.011446656950464063,0.0282365259560326
592899,2014J,1,0,0,0.2124629260095204,0.3256292025602499
438452,2013B,0,0,0,0.013691764001521806,0.0161140483372095
545297,2013J,1,1,1,0.9860233801479635,0.9661971408242791
466854,2013J,1,1,1,0.751483720644124,0.9046092434497119
333993,2014J,0,0,0,0.03121242139307983,0.01909089913412916
607702,2014B,1,1,1,0.9997373146919936,0.9941987741116658
515107,2014B,0,0,0,0.008826007188779697,0.033895123966770184
1747892,2013B,0,0,0,0.008010749196469642,0.05296009446224546
679569,2014J,0,0,0,0.02597833393494415,0.09234495304205614
2345751,2014J,0,0,0,0.0015032537597129574,0.004627137827334229
627176,2014B,1,1,1,0.7449673636607107,0.6961545617914437
571055,2013J,1,1,1,0.9946826669554125,0.9653559193313163
561312,2013J,0,0,0,0.012541474859196267,0.012576148260883145
699153,2014J,0,0,0,0.2724485402874894,0.18961696614278487
523700,2013B,1,0,0,0.16021309817816148,0.4424618408770437
554048,2014J,0,0,0,0.0628209222942705,0.12180715432343472
591765,2013J,0,0,0,0.0134213942128406,0.016450391977230496
68107,2013J,0,0,0,0.004135002118940528,0.0068709824802425795
203652,2013B,1,1,1,0.9999977405209377,0.998
538221,2013B,0,0,0,0.015818520967165902,0.053284593412432975
308345,2014B,1,1,1,0.9766181200035713,0.9513583787314057
551550,2013B,0,0,0,0.004082781120464607,0.02558067968312852
634047,2014J,0,0,0,0.035813284681439066,0.05922469639409097
544791,2013J,0,0,0,0.22734692388289807,0.18549946842828066
489990,2013J,1,1,1,0.8315890516155604,0.7784399455834572
602228,2014B,1,1,1,0.8279349178556249,0.7081933711414007
293686,2014J,0,0,0,0.004368028875793939,0.03720788672860023
642122,2014J,0,0,0,0.24484729129846183,0.22957026668143568
644246,2014J,0,0,0,0.028701282795887025,0.02985419807644751
496355,2014J,0,0,0,0.08624808024479584,0.3445216311047718
633123,2014B,0,0,0,0.12051456197778386,0.2948313687312612
636400,2014J,0,0,0,0.007104711698889341,0.029450609381288153
554863,2014J,0,0,0,0.1401087861275554,0.2475632678106945
594086,2013J,1,1,1,0.7962506528613329,0.7653452991495081
560554,2014J,1,1,1,0.5954108701280725,0.7942133568579168
544307,2013B,0,0,0,0.01111923026087152,0.013707061799211757
568474,2013J,0,0,0,0.28706036570160975,0.2854990982401712
80868,2014J,0,0,0,0.20319226555072162,0.1771910147503995
649119,2014J,0,0,0,0.4519578761519241,0.2978181881318089
597787,2013J,0,0,0,0.0024363728284260673,0.0014721494902415532
585613,2013J,0,0,0,0.32135821853789037,0.19238544387557613
610888,2013J,1,1,1,0.9520056157234492,0.9787562682968957
426297,2014B,0,0,0,0.0068682375086866485,0.018297430627057597
76081,2014J,0,0,0,0.11326631191325463,0.130998502197206
407731,2014J,0,0,0,0.3057412644380387,0.2373033570925103
625427,2014B,0,0,0,0.003983593720030581,0.003201854526407225
1936679,2013B,0,0,0,0.018324283551322502,0.059210417919153734
627471,2014J,0,0,0,0.009162651543629004,0.03887449610404127
550348,2013B,1,1,1,0.9998659249864791,0.966738339566408
610239,2014B,1,1,1,0.9999975426786901,0.988
598762,2013J,1,1,1,0.9350972348344588,0.90635620921578
351147,2014J,0,0,0,0.008487574811008241,0.006769175308953053
594909,2014B,0,0,0,0.2738650234897272,0.21939404303676038
384678,2013B,1,1,1,0.7722063989708845,0.7105336849408668
532565,2014J,1,1,1,0.9713883951996225,0.8351682917739274
594851,2014B,1,1,1,0.9999974754411675,1.0
2499307,2014J,0,0,0,0.0194561760260524,0.03293765431846174
526177,2013J,0,0,0,0.1325813067399298,0.2611404805758742
374028,2014B,0,0,0,0.0010082647119658604,0.008741868711538803
598074,2013J,0,0,0,0.019243437684515946,0.006744753895744053
601885,2013J,0,0,0,0.1946198784805437,0.2736409209880483
2622441,2014J,0,0,0,0.4152293776248312,0.4464292744458603
632083,2014J,0,0,0,0.040337049308578,0.11823947713618979
431386,2014B,1,1,1,0.9999984096309937,0.992
585048,2014B,0,0,0,0.012600597797495122,0.02791814394198152
608596,2014B,0,0,0,0.4098012621022972,0.41646325510354526
626765,2014B,0,0,0,0.25333742473136833,0.1695309777378413
562495,2013B,1,0,0,0.04037118296359339,0.09175111214036061
424987,2013B,0,0,0,0.29600550697327127,0.3219776714319103
585011,2013J,0,0,0,0.012355731522621448,0.01693050840357353
602389,2013J,1,0,0,0.4219535668692422,0.3888688519871793
2677955,2013B,0,0,0,0.16935145375421928,0.2529301847727263
231572,2013J,0,0,0,0.1978605391195129,0.21907316551773834
554846,2013J,0,0,0,0.0026042557312403554,0.0015157488252464158
589123,2013J,0,0,0,0.02117202982313754,0.052422958643077756
635113,2014B,0,0,0,0.04169501214376158,0.2011784016922134
191269,2013J,0,0,0,0.11024505518821026,0.13298714039063853
445760,2013J,0,0,0,0.03118884596896823,0.04140346955346609
618571,2014B,0,0,0,0.05735673104759185,0.2634578831274557
593953,2013J,0,0,0,0.0021846506210596883,0.0074522408415671855
575318,2013J,1,1,1,0.992248247364988,0.9858496309433161
696789,2014J,0,0,0,0.238571710361522,0.16623476350195718
467901,2013J,1,1,1,0.9946330961671996,0.9874780870877072
2154361,2014J,0,0,0,0.12240144766117862,0.14615326038785226
606757,2014J,0,0,0,0.11049010719014438,0.17253045761964472
528034,2013B,1,1,1,0.7173021496441835,0.5430984455282453
684671,2014J,0,0,0,0.07488670025484495,0.1291226804670414
679431,2014J,0,0,0,0.0004930473142779201,0.003637182667321307
545665,2014B,0,0,0,0.053857535913108406,0.07268608777271104
624674,2014B,1,1,1,0.9999984190028612,1.0
2326475,2013J,0,0,0,0.23460438051497948,0.3065912088780042
630452,2014J,0,1,0,0.5243251214636856,0.48517374344821607
582063,2013J,0,0,0,0.016491259129000766,0.020013280619461192
553649,2013B,0,0,0,0.028558055205189104,0.05982092008138141
248511,2013B,0,1,0,0.5663488336402981,0.4977740728273438
607808,2013J,1,1,1,0.9903860902736474,0.9915845517366794
261042,2014B,1,1,1,0.9999973834736627,1.0
521496,2013B,1,1,1,0.9999987500204616,1.0
242390,2014B,1,1,1,0.9325225749704688,0.9334397487094489
651972,2014J,1,1,1,0.9984608181295264,0.971380481778324
637980,2014J,0,0,0,0.01984585821734062,0.0121410495520073
501871,2013J,0,0,0,0.07784630279736952,0.11538866947317034
504028,2013B,0,0,0,0.021131132200351847,0.02483981014990332
582226,2013J,0,0,0,0.022764264649855707,0.03431863957569221
514903,2013B,0,0,0,0.012865354843931639,0.010834071373956488
2272474,2014B,0,0,0,0.06602468106742206,0.08614359275873476
111113,2013B,1,1,1,0.9998663736740997,0.9782273226705669
560645,2014J,0,0,0,0.009053530420720586,0.039273923342437
391059,2014J,1,1,0,0.5358065324677057,0.44612240324654207
1631797,2014J,0,0,1,0.3334791674922301,0.607364772272221
589019,2013J,0,0,0,0.030990555135874988,0.014317253874826403
633515,2014B,1,1,1,0.9997266048085935,1.0
607061,2013J,0,0,0,0.029235324511687814,0.06345326230995169
598213,2013J,0,0,0,0.07666325137131286,0.4040430633509315
622215,2014B,1,1,1,0.9754428231948097,0.8384227695901026
527991,2013B,1,1,1,0.9945954899546574,0.945978019046011
108281,2014J,0,0,0,0.010742020876408274,0.003772295971321493
554065,2014B,0,0,0,0.00806569030575461,0.04148364342438134
89895,2013B,0,0,0,0.0326302734359171,0.02772027384235553
598501,2014J,0,0,0,0.23200883409248124,0.31246121359742646
492286,2013J,0,0,0,0.025719051179294735,0.044807434392339175
406682,2014J,0,0,0,0.005106003925646907,0.006395734921639614
688310,2014J,0,0,0,0.07261612266256869,0.35854151583521604
597335,2013J,0,0,0,0.20960541017942952,0.33026506739537187
404559,2013B,1,1,1,0.9999994891420233,1.0
2442423,2014J,0,0,1,0.263245467151421,0.6103603517953642
562884,2014J,0,0,0,0.04339091919729631,0.1579447001969392
694983,2014J,0,0,0,0.17530427697578804,0.10465743669274838
653951,2014J,1,0,0,0.04304735810474048,0.09105205656851209
507300,2013J,1,1,1,0.9999989812222064,0.9955399435567692
70608,2013B,0,0,0,0.02272085590839365,0.04300570294346623
582040,2014J,0,0,0,0.014705852718555734,0.1411459363120326
515105,2013B,1,0,0,0.06308104203104975,0.0579352926978883
126322,2013B,0,0,1,0.37975308721273415,0.5612977957267401
504363,2014J,0,0,0,0.0039115617178328435,0.006655552116987233
523079,2014B,0,0,0,0.03221634047061481,0.09721646854465553
552560,2013B,1,1,1,0.9962948750405721,0.9950900233025046
675441,2014J,1,1,1,0.9999973272998204,0.9999960571710202
610763,2013J,0,0,0,0.014245088078862272,0.18642051983014588
589014,2013J,0,0,0,0.020565772814793527,0.0176696348189513
331232,2013B,0,0,0,0.11760617979810774,0.06654520124984914
648354,2014J,0,0,0,0.05503778754252084,0.05477570133289962
429212,2013J,0,0,0,0.46348346677154134,0.49620811592211134
1843026,2013B,1,0,0,0.2927561808323285,0.21851640588499266
581796,2013J,0,0,0,0.14209730429259382,0.11652186986939786
559688,2013B,1,1,1,0.995465768593822,0.9797565669988926
648903,2014J,0,0,0,0.21097986661282633,0.20970271462732507
526352,2014J,0,0,0,0.13153141371197433,0.05178446764503212
596091,2013J,0,0,0,0.14208514414730716,0.15270262795699052
2360559,2014J,0,0,0,0.007085995412640442,0.008063468963179058
78645,2013B,1,1,1,0.9483088380069153,0.9549020589477839
407404,2014J,0,0,0,0.09096008309923675,0.286246023085006
677356,2014J,0,0,0,0.09014820930259992,0.17327713428654773
521377,2014B,1,1,1,0.9912141573392635,0.982
528302,2013B,1,1,1,0.99999946830161,0.999995053154956
193822,2013B,0,0,0,0.05314432626104467,0.06380267178577195
419517,2013J,0,0,0,0.007707430597582086,0.04947112979740342
1945240,2013B,0,0,0,0.019858433962990397,0.02768766106548585
574705,2013J,0,0,0,0.006437684468573478,0.016711875218841255
588382,2013J,0,0,0,0.0628739407375049,0.3101635333459291
612113,2014B,1,1,1,0.9999983062697325,0.998
2578532,2014J,0,0,0,0.025029710913534155,0.03705139732248226
559382,2013J,0,0,0,0.03413337251594415,0.06221764680783951
573440,2013J,0,0,0,0.01738851551424666,0.008090473873255313
637388,2014J,1,0,0,0.02763350056285789,0.03492309719259045
650370,2014J,0,0,0,0.026292064227669117,0.01573191213064234
699461,2014J,0,0,0,0.10962540598342974,0.3000968338942183
205350,2013J,0,0,0,0.01712625980538748,0.030626625706824118
585279,2013J,0,0,0,0.012342601489771753,0.014381251771036344
632148,2014B,1,0,0,0.15419911162275293,0.2346810316407253
590189,2013J,1,1,1,0.7097303347120938,0.6390662193618739
342155,2013J,0,0,0,0.1082278461285043,0.09126031850867057
585615,2013J,1,0,0,0.06585588059688001,0.056438524553800946
515051,2014B,1,1,1,0.5298669363255211,0.7221497880851201
627895,2014B,0,0,0,0.06938968153841506,0.21010264205606763
289247,2014J,0,0,0,0.010984063245438082,0.014569636579495822
484436,2013J,0,0,0,0.19576844264887613,0.38026141770023947
532491,2013J,0,0,0,0.01619208163315399,0.021939886206461045
594161,2014J,0,0,0,0.014662648348279277,0.021467660256235713
695535,2014J,0,0,0,0.08821028908384221,0.1676024657513727
601263,2013J,0,0,0,0.007764891777706872,0.018867108447868954
637070,2014J,0,0,0,0.02032090046862944,0.14127570159174443
515536,2013J,1,1,1,0.9999993924443386,1.0
534765,2013B,0,0,0,0.08281458553080141,0.1495641463981831
609852,2014J,0,0,0,0.0017596476871372707,0.003402097434529673
282193,2013B,0,0,0,0.22656402821377977,0.37985963751674323
619471,2014B,0,0,0,0.029754800235430135,0.08981827700017142
473896,2013J,1,1,1,0.9996591318374345,1.0
547165,2013B,1,1,1,0.8991221949003638,0.9384257449185888
2602809,2013B,0,0,0,0.012159979791515828,0.02462635873896614
583056,2014J,1,1,1,0.7522848317591219,0.5867768956611845
356371,2014B,0,0,0,0.2163338007336167,0.17723450357671441
685206,2014J,0,0,0,0.0029268956695171593,0.048019400681182794
542687,2013B,1,1,1,0.9940891169914293,0.9898052239265602
592322,2013J,0,0,0,0.04237435575544637,0.13168314796459346
634635,2014B,1,1,1,0.760215760054216,0.707780298265968
588522,2013J,0,0,0,0.038524735639383606,0.03970825886248044
441858,2013J,0,0,1,0.14239873455693067,0.7650364054257484
683625,2014J,0,0,0,0.03739840150531401,0.19780269935214176
561879,2013J,0,0,0,0.10227401592668472,0.0885982361641913
632712,2014B,1,0,0,0.1778279959464142,0.4472799942431798
674644,2014J,0,0,0,0.01730152185632896,0.007684214756329563
587297,2013J,0,0,0,0.006958420708531585,0.033681919836881735
2274938,2013J,1,1,1,0.6637309773511764,0.8565569824130466
251815,2013J,1,1,1,0.6818731953654258,0.8754034224161442
625185,2014B,0,0,0,0.013107725574389814,0.035308179092936445
651061,2014J,1,0,1,0.25221201878148597,0.6140726402456358
38053,2013J,0,0,0,0.03217170786513451,0.097886036028052
635043,2014B,0,0,0,0.029607511436624264,0.034550675085210966
512961,2013B,1,1,1,0.9979462735220773,0.9957195035460993
1881062,2014J,0,0,0,0.022833339088584953,0.024853780840736892
602729,2013J,1,0,1,0.22780700372910495,0.7579440060414894
502767,2014J,0,0,0,0.014126817242652188,0.05293588898430573
620726,2014B,0,0,0,0.07007274815800807,0.07785356436465297
620409,2014B,0,1,1,0.8782423442907002,0.7729902003820531
633690,2014B,0,0,0,0.22628922037663893,0.07615854200661264
2678338,2013B,1,1,1,0.9520850982818406,0.8116927344530831
650376,2014J,0,0,0,0.017812371982889492,0.022374328545830963
525942,2014B,1,0,0,0.11198154364092333,0.27150615454426963
563019,2013J,1,1,1,0.999999553445291,0.999995053154956
614181,2014B,0,0,0,0.01344689172881068,0.016685155657544137
258840,2014J,0,0,0,0.13701508807754834,0.17947968837342756
426871,2013B,0,0,0,0.023376121154568837,0.029632782132592624
411546,2014B,1,1,1,0.999526600387878,1.0
575061,2013J,0,0,0,0.09624587261116328,0.2551510997689835
1993955,2013J,0,0,0,0.1748404472036352,0.3138398696008349
538701,2013B,0,0,0,0.14847497625480777,0.09751717985272906
